-- ============================================================
-- Studio Manager — Seed / Demo Data
-- Run AFTER schema.sql
-- ============================================================

-- ============================================================
-- Technicians
-- ============================================================
INSERT INTO technicians (id, name, role, phone, notes) VALUES
  ('11111111-1111-1111-1111-111111111101', 'Ahmed Hassan',    'Camera Operator',  '0501234567', 'Senior camera op, specializes in live events'),
  ('11111111-1111-1111-1111-111111111102', 'Sara Al-Rashidi', 'Audio Engineer',   '0509876543', 'Live mixing specialist'),
  ('11111111-1111-1111-1111-111111111103', 'Khalid Nasser',   'Lighting Tech',    '0507654321', NULL),
  ('11111111-1111-1111-1111-111111111104', 'Mona Salem',      'Graphics Operator','0503456789', 'CG and lower-thirds'),
  ('11111111-1111-1111-1111-111111111105', 'Omar Youssef',    'Camera Operator',  '0502345678', 'Steadicam certified'),
  ('11111111-1111-1111-1111-111111111106', 'Layla Mahmoud',   'Director',         '0508765432', 'Live news director')
ON CONFLICT (id) DO NOTHING;

-- ============================================================
-- Program Schedules
-- ============================================================

-- Morning Bulletin (daily, live)
INSERT INTO program_schedules (id, name, category, broadcast_mode, recurrence_type, weekdays, start_time, end_time, valid_from, valid_until) VALUES
  ('22222222-2222-2222-2222-222222222201',
   'Morning Bulletin', 'bulletin', 'live', 'daily', '{}',
   '08:00', '08:15',
   (CURRENT_DATE - INTERVAL '45 days')::DATE, NULL)
ON CONFLICT DO NOTHING;

-- Evening News (weekdays Sun-Thu, live)
INSERT INTO program_schedules (id, name, category, broadcast_mode, recurrence_type, weekdays, start_time, end_time, valid_from, valid_until) VALUES
  ('22222222-2222-2222-2222-222222222202',
   'Evening News', 'bulletin', 'live', 'weekdays', '{0,1,2,3,4}',
   '21:00', '21:30',
   (CURRENT_DATE - INTERVAL '45 days')::DATE, NULL)
ON CONFLICT DO NOTHING;

-- Weekend Show (Fri + Sat, recording)
INSERT INTO program_schedules (id, name, category, broadcast_mode, recurrence_type, weekdays, start_time, end_time, valid_from, valid_until) VALUES
  ('22222222-2222-2222-2222-222222222203',
   'Weekend Show', 'program', 'recording', 'weekdays', '{5,6}',
   '14:00', '15:00',
   (CURRENT_DATE - INTERVAL '30 days')::DATE, NULL)
ON CONFLICT DO NOTHING;

-- Daily Briefing (Mon/Wed/Thu, short briefing, live)
INSERT INTO program_schedules (id, name, category, broadcast_mode, recurrence_type, weekdays, start_time, end_time, valid_from, valid_until) VALUES
  ('22222222-2222-2222-2222-222222222204',
   'Midday Briefing', 'short_briefing', 'live', 'weekdays', '{1,3,4}',
   '13:00', '13:10',
   (CURRENT_DATE - INTERVAL '30 days')::DATE, NULL)
ON CONFLICT DO NOTHING;

-- ============================================================
-- Schedule Crew
-- ============================================================
-- Morning Bulletin crew
INSERT INTO schedule_crew (schedule_id, technician_id) VALUES
  ('22222222-2222-2222-2222-222222222201', '11111111-1111-1111-1111-111111111101'),
  ('22222222-2222-2222-2222-222222222201', '11111111-1111-1111-1111-111111111102'),
  ('22222222-2222-2222-2222-222222222201', '11111111-1111-1111-1111-111111111104'),
  ('22222222-2222-2222-2222-222222222201', '11111111-1111-1111-1111-111111111106')
ON CONFLICT DO NOTHING;

-- Evening News crew
INSERT INTO schedule_crew (schedule_id, technician_id) VALUES
  ('22222222-2222-2222-2222-222222222202', '11111111-1111-1111-1111-111111111101'),
  ('22222222-2222-2222-2222-222222222202', '11111111-1111-1111-1111-111111111102'),
  ('22222222-2222-2222-2222-222222222202', '11111111-1111-1111-1111-111111111103'),
  ('22222222-2222-2222-2222-222222222202', '11111111-1111-1111-1111-111111111104'),
  ('22222222-2222-2222-2222-222222222202', '11111111-1111-1111-1111-111111111106')
ON CONFLICT DO NOTHING;

-- Weekend Show crew
INSERT INTO schedule_crew (schedule_id, technician_id) VALUES
  ('22222222-2222-2222-2222-222222222203', '11111111-1111-1111-1111-111111111101'),
  ('22222222-2222-2222-2222-222222222203', '11111111-1111-1111-1111-111111111102'),
  ('22222222-2222-2222-2222-222222222203', '11111111-1111-1111-1111-111111111103'),
  ('22222222-2222-2222-2222-222222222203', '11111111-1111-1111-1111-111111111105')
ON CONFLICT DO NOTHING;

-- Midday Briefing crew
INSERT INTO schedule_crew (schedule_id, technician_id) VALUES
  ('22222222-2222-2222-2222-222222222204', '11111111-1111-1111-1111-111111111101'),
  ('22222222-2222-2222-2222-222222222204', '11111111-1111-1111-1111-111111111104')
ON CONFLICT DO NOTHING;

-- ============================================================
-- NOTE: Event instances are generated by the app when schedules
-- are created. You can trigger regeneration from the Events page.
-- The seed_events.sql script below creates sample instances
-- for the past 2 weeks and next 2 months for all 4 schedules.
-- Run this AFTER the app has been set up, OR run it manually.
-- ============================================================
